record_id,episode_id,start,end,subject,metric,reported_values,review_status,model_use,limits
PERF-001,EP-04,08:05.70,08:10.63,XGP,Initial stores,10 emergency food packs,English ASS context reviewed,Commissioning inventory,Not food endurance or maximum storage capacity
PERF-002,EP-04,18:56.17,19:05.74,XGP,Output ramp caution,Stabilize before full output; simultaneous increase may destabilize engines,English ASS context reviewed,Operating constraint,No ramp rate or failure probability
PERF-003,EP-04,19:17.99,19:20.89,XGP,Propulsion count,Four sub-light engines,English ASS context reviewed,Subsystem count,Not a complete reactor assignment
PERF-004,EP-04,19:33.94,19:38.54,XGP,Output and escape condition,81% output; Farfallas escape velocity exceeded,English ASS context reviewed,Contextual operating point,No star mass or radius or numerical escape speed
PERF-005,EP-04,20:58.05,21:02.15,XGP,Output progression,85 then 86 then 87,English ASS context reviewed,Readout progression lead,Units unstated here; no universal ramp law
PERF-006,EP-06,02:36.87,04:03.18,XGP,Landing constraints,Insufficient fuel for another approach; 100 to surface; strut 3 yellow,English ASS context reviewed,Landing and fuel-limit leads,Surface-distance unit unstated; no fuel amount or strut force
PERF-007,EP-07,03:40.92,04:14.68,XGP simulation,Fault exercise,Output falls 70/50/30; units 2/4 rise 120/130/140/160/180; critical countdown,English ASS context reviewed,Training-only fault lead,Unspecified units and simulated event; not real operating limits
PERF-008,EP-08,15:00.45,17:04.57,XGP,Planetary launch,Stable output; T-minus 30; atmosphere exit and orbit request,English ASS context reviewed,Launch-stage sequence,Edited screen time is not a measured ascent profile; no altitude
PERF-009,EP-08,20:31.45,20:35.58,XGP,Damage derating,Engine 2 abnormal; output dropped 30%,English ASS context reviewed,Damage response lead,Ambiguous individual-engine versus total-output scope; not output at 30%
PERF-010,EP-08,22:52.59,22:56.49,XGP route,Heifong route distance,About 20 light years,English ASS context reviewed,Interstellar route scale,No paired elapsed travel duration
PERF-011,EP-09,10:05.21,10:13.01,XGP route,Separate distance and ETA,Kozat space in 20 light years; Heifong in about 3 days Sentinel time,English ASS context reviewed,Route and time-standard leads,Different endpoints; do not divide 20 light years by 3 days
PERF-012,EP-10,15:48.99,16:22.96,Heifong race,Race course length,About 1.6 billion km,English ASS context reviewed,Course-scale anchor,Alternative checkpoints and route choices; no XGP completion duration
PERF-013,EP-10,20:40.98,20:46.61,XGP route,First checkpoint distance and ETA,230 million km; approximately 1000 hours as written,English ASS context reviewed; disputed wording,Hold for audio/translation check,Could be mistranslation or time-of-day wording; not silently corrected
PERF-014,EP-10,20:57.80,21:13.28,Race leaders,First checkpoint progress,Top ships reach checkpoint after 14 race hours,English ASS context reviewed,Timing discrepancy/context,Not exact XGP elapsed time; staggered starts and ETA conflict
PERF-015,EP-11,02:41.68,03:12.04,XGP,Above-normal output,108% with engines normal; later request return to normal,English ASS context reviewed,Short-event over-nominal capability,Not continuous rating or guaranteed safe duration
PERF-016,EP-11,03:44.91,03:52.88,Race route,Heifong V distance,About 500 million km; sub-ether proposed,English ASS context reviewed,Route-scale anchor,No matched completed-jump travel time
PERF-017,EP-11,04:25.09,04:36.72,Race procedure,Maintenance stop,At least one hour; systems reported green,English ASS context reviewed,Race rule/context,Not a demonstrated compulsory engine cooldown
PERF-018,EP-11,08:03.80,08:08.94,Race route,Checkpoint 3 distance,140 million km from Heifong V,English ASS context reviewed,Route-scale anchor,No elapsed leg duration
PERF-019,EP-11,09:33.93,09:47.47,XGP sensors,Ether-interference degradation,Subspace radar error 24%; standard radar effective radius down 30%,English ASS context reviewed,Environmental sensor derating,No error definition or baseline range; not blanket detection probabilities
PERF-020,EP-11,09:56.02,10:03.81,XGP,Navigation speed and clear distance,12 km/s; next 180 km clear,English ASS context reviewed,Local navigation operating point,Not maximum speed or sensor maximum range
PERF-021,EP-11,13:20.12,13:29.12,XGP,Sub-ether preparation estimate,24 minutes to penetration,English ASS context reviewed,Preparation-duration lead,Route and preparation dependent; editing elides time
PERF-022,EP-11,14:18.64,14:35.95,XGP,Threat and entry timing,87% missile classification; entry in 18 s; impact in 16 s,English ASS context reviewed,Incident-specific competing estimates,Not fixed charge time or sensor success rate
PERF-023,EP-11,16:56.27,17:11.34,XGP,Post-jump location and clock,360 million km above Heifong V orbital plane; 2 min 24 s since entry,English ASS context reviewed,Disrupted-jump position/time record,Initial distance from plane and actual path unknown; not FTL-speed calculation
PERF-024,EP-11,17:21.19,17:45.35,XGP,Damaged reactor availability,Newton 1/3 inoperable; activate 2/4; two reactors at 50%; insufficient entry power,English ASS context reviewed,Damaged-power operating constraint,Percentage basis and exact topology unverified
PERF-025,EP-11,17:45.72,17:54.52,XGP,Forecast ether-only trip,600 million km; 50% propulsion; about 96 h,English ASS context reviewed,Conditional trip-average calculation,Forecast not completed trip; no acceleration or watts
PERF-026,EP-12,02:44.50,03:40.48,XGP route,Lione approach distance,30000 km to region border; later 10000 to Lagrange point,English ASS context reviewed,Approach-distance locators,Different targets; later unit unstated; not valid range-difference speed
PERF-027,EP-12,08:26.77,08:39.62,XGP,Repair recovery,All engines green; Newton 1/3 green; rush repairs completed,English ASS context reviewed,Persistent damage and repair context,No actual repair duration; restart alone did not repair reactors
PERF-028,EP-12,13:39.75,13:47.89,XGP cabin,Temperature adjustment,Lower bridge temperature two degrees,English ASS context reviewed,Thermal-control command,Scale and initial temperature unspecified; no cooling rate
PERF-029,EP-12,13:59.21,14:09.37,XGP camera communications,Interference-limited signal range,About 100 km in current conditions,English ASS context reviewed,Remote-camera link constraint,Not clear-space radar range or weapon range
PERF-030,EP-14,14:04.68,14:17.58,XGP communications,Radio-lag location inference,Probably within 30000 km because no time lag; no ships detected within radius,English ASS context reviewed,Character inference and search extent,Not fixed communications/sensor maximum or measured latency
PERF-031,EP-16,00:17.38,00:35.40,General drive technology,Dragonite role,Munchhausen enabled by dragonite; catalyst releasing energy from ether,English ASS context reviewed,Qualitative energy-source distinction,Original spelling/wording unverified; no joules per mass or burn rate
PERF-032,EP-16,13:12.50,13:17.33,Other pirate ship cargo,Treasure mass,15 tons dragonite,English ASS context reviewed,Cargo-story context only,Not XGP payload capacity or measured mass successfully transferred
PERF-033,EP-16,11:15.01,11:33.19,XGP,Waiting mode and trim,Silent running; ether/sub-ether waiting mode; pitch down 3 degrees,English ASS context reviewed,Operating-mode and trim command,No propulsion latency or angular rate
PERF-034,EP-19,19:27.99,19:36.16,XGP,Predicted missile impacts,20% will impact under current evasion,English ASS context reviewed,Incident-specific threat estimate,Not armor rating or universal evasion probability
PERF-035,EP-20,02:44.24,02:48.90,XGP route,Station arrival ETA,30 minutes to Symka 5,English ASS context reviewed,ETA lead,No paired distance or confirmed constant speed
PERF-036,EP-20,19:13.50,19:36.99,XGP grapplers,Temporary response boost,Arm response raised to 150%; system operational for one minute,English ASS context reviewed,Mode-dependent response/time limit,Not 150% force or absolute angular speed; cause of time limit unstated
PERF-037,EP-22,05:42.99,06:42.85,Hecatoncheir environment,Gravity and rotation,Equator 1G; poles 10.4G; prison 3G; human-time day 74 minutes,English ASS context reviewed,Environmental scenario references,Not XGP acceleration tolerance or inertial-controller rating
PERF-038,EP-24,09:11.31,09:14.71,XGP sensors,Nearby sub-ether emergence,Ship emerges 700 km to starboard,English ASS context reviewed,Detected encounter separation,Not maximum detection range or jump-placement accuracy
PERF-039,EP-24,15:04.16,15:11.20,XGP inside Leyline,Engine output,70% on spiral course,English ASS context reviewed,Special-environment operating point,No speed or thrust; do not equate with later acceleration percentage
PERF-040,EP-24,19:21.59,19:43.21,XGP inside Leyline,Acceleration change,Acceleration dropped to 70%; ship being pulled/guided; atmosphere detected,English ASS context reviewed,Special-environment response lead,Percentage baseline and cause unknown; not a numerical acceleration in G
PERF-041,EP-24,20:10.00,20:14.77,Leyline environment,Local gravity,Approximately 0.974G; breathable atmosphere,English ASS context reviewed,Environmental reference,Not onboard gravity setting or maximum tolerance
OTHER-001,EP-02,12:03.58,12:20.36,Horus,Sub-ether travel/countdown,Blue Heaven in two jumps; ten-second final countdown,English ASS context reviewed; other ship,Comparative search lead,Not XGP jump count or total preparation time
OTHER-002,EP-03,05:28.93,05:40.10,Horus,Service distance remaining,Less than 50 parsecs before recommended sub-ether overhaul,English ASS context reviewed; other ship,Maintenance-distance lead,Not full service interval or XGP endurance
OTHER-003,EP-03,09:14.79,09:19.18,Horus,Asteroid-belt clearance ETA,482 seconds,English ASS context reviewed; other ship,Context only,No matched belt distance
OTHER-004,EP-03,11:00.56,11:16.77,Ctarl-Ctarl cruiser,Collision-avoidance commands,Course 3 degrees to port; starboard thrusters for 10 seconds,English ASS context reviewed; other ship,Visual/audio attribution follow-up,Not XGP or a measured 0.3 degree/s turn rate
OTHER-005,EP-03,14:37.01,14:45.95,Horus,Route and next transition,Three more sub-ether transitions; next in 2 h 10 min,English ASS context reviewed; other ship,Route-dependent timing lead,Not universal drive cooldown
OTHER-006,EP-03,19:53.19,20:03.99,Horus route,Farfallas distance,About 40 light years,English ASS context reviewed; other ship,Interstellar route scale,No matched travel duration
