source_id,source_filename,screening_status,visible_sheet_number,japanese_title,english_translation,subject,evidence_classification,verification_status,region_system,reconstruction_relevance,measurements_callouts,open_questions
"SET-001","_source_settei/img001.jpg","No obvious XGP material at thumbnail scale","","","","Other collection material","Unclassified","Contact-sheet screened","","","","Revisit if episode context identifies relevance"
"SET-002","_source_settei/img002.jpg","No obvious XGP material at thumbnail scale","","","","Other collection material","Unclassified","Contact-sheet screened","","","","Revisit if episode context identifies relevance"
"SET-003","_source_settei/img003.jpg","No obvious XGP material at thumbnail scale","","","","Other collection material","Unclassified","Contact-sheet screened","","","","Revisit if episode context identifies relevance"
"SET-004","_source_settei/img004.jpg","No obvious XGP material at thumbnail scale","","","","Other collection material","Unclassified","Contact-sheet screened","","","","Revisit if episode context identifies relevance"
"SET-005","_source_settei/img005.jpg","XGP relevant","","","","Exterior upper views","PRODUCTION_CANON candidate","Contact-sheet screened","hull","Silhouette and external assembly relationships","","Confirm provenance/version; transcribe remaining callouts"
"SET-006","_source_settei/img006.jpg","XGP relevant","","","","Cockpit and navigation apparatus","PRODUCTION_CANON candidate","Contact-sheet screened","bridge/navigation","Seats; tank/cylinder states; access and clearance","","Confirm provenance/version; transcribe remaining callouts"
"SET-007","_source_settei/img007.jpg","Context or uncertain","","","","Collection contents list","Unclassified","Contact-sheet screened","","","","Revisit if episode context identifies relevance"
"SET-008","_source_settei/img008.jpg","No obvious XGP material at thumbnail scale","","","","Other collection material","Unclassified","Contact-sheet screened","","","","Revisit if episode context identifies relevance"
"SET-009","_source_settei/img009.jpg","No obvious XGP material at thumbnail scale","","","","Other collection material","Unclassified","Contact-sheet screened","","","","Revisit if episode context identifies relevance"
"SET-010","_source_settei/img010.jpg","No obvious XGP material at thumbnail scale","","","","Other collection material","Unclassified","Contact-sheet screened","","","","Revisit if episode context identifies relevance"
"SET-011","_source_settei/img011.jpg","Context or uncertain","","","","Character scale chart","Unclassified","Contact-sheet screened","","","","Revisit if episode context identifies relevance"
"SET-012","_source_settei/img012.jpg","No obvious XGP material at thumbnail scale","","","","Other collection material","Unclassified","Contact-sheet screened","","","","Revisit if episode context identifies relevance"
"SET-013","_source_settei/img013.jpg","No obvious XGP material at thumbnail scale","","","","Other collection material","Unclassified","Contact-sheet screened","","","","Revisit if episode context identifies relevance"
"SET-014","_source_settei/img014.jpg","No obvious XGP material at thumbnail scale","","","","Other collection material","Unclassified","Contact-sheet screened","","","","Revisit if episode context identifies relevance"
"SET-015","_source_settei/img015.jpg","No obvious XGP material at thumbnail scale","","","","Other collection material","Unclassified","Contact-sheet screened","","","","Revisit if episode context identifies relevance"
"SET-016","_source_settei/img016.jpg","No obvious XGP material at thumbnail scale","","","","Other collection material","Unclassified","Contact-sheet screened","","","","Revisit if episode context identifies relevance"
"SET-017","_source_settei/img017.jpg","No obvious XGP material at thumbnail scale","","","","Other collection material","Unclassified","Contact-sheet screened","","","","Revisit if episode context identifies relevance"
"SET-018","_source_settei/img018.jpg","No obvious XGP material at thumbnail scale","","","","Other collection material","Unclassified","Contact-sheet screened","","","","Revisit if episode context identifies relevance"
"SET-019","_source_settei/img019.jpg","No obvious XGP material at thumbnail scale","","","","Other collection material","Unclassified","Contact-sheet screened","","","","Revisit if episode context identifies relevance"
"SET-020","_source_settei/img020.jpg","No obvious XGP material at thumbnail scale","","","","Other collection material","Unclassified","Contact-sheet screened","","","","Revisit if episode context identifies relevance"
"SET-021","_source_settei/img021.jpg","No obvious XGP material at thumbnail scale","","","","Other collection material","Unclassified","Contact-sheet screened","","","","Revisit if episode context identifies relevance"
"SET-022","_source_settei/img022.jpg","XGP relevant","8","⑧ コクピット (3) フィジカル ナビゲーション システム 作動時","Cockpit (3), physical navigation system in operation","Cockpit and navigation apparatus","PRODUCTION_CANON candidate","Individual image reviewed; fine callouts incomplete","bridge/navigation","Seats; tank/cylinder states; access and clearance","","Confirm provenance/version; transcribe remaining callouts"
"SET-023","_source_settei/img023.jpg","XGP relevant","","","","Exterior upper views","PRODUCTION_CANON candidate","Contact-sheet screened","hull","Silhouette and external assembly relationships","","Confirm provenance/version; transcribe remaining callouts"
"SET-024","_source_settei/img024.jpg","XGP relevant","","","","Grappler arm mechanical details","PRODUCTION_CANON candidate","Contact-sheet screened","forward/grapplers","Joints; mounting; end effector","","Confirm provenance/version; transcribe remaining callouts"
"SET-025","_source_settei/img025.jpg","XGP relevant","","","","Exterior lower views and deployed arm","PRODUCTION_CANON candidate","Contact-sheet screened","hull/grapplers","Underside and arm deployment","","Confirm provenance/version; transcribe remaining callouts"
"SET-026","_source_settei/img026.jpg","XGP relevant","","","","Cockpit controls and seats","PRODUCTION_CANON candidate","Contact-sheet screened","bridge/controls","Control layouts and station geometry","","Confirm provenance/version; transcribe remaining callouts"
"SET-027","_source_settei/img027.jpg","XGP relevant","","","","Cockpit and navigation apparatus","PRODUCTION_CANON candidate","Contact-sheet screened","bridge/navigation","Seats; tank/cylinder states; access and clearance","","Confirm provenance/version; transcribe remaining callouts"
"SET-028","_source_settei/img028.jpg","XGP relevant","","","","Cockpit and navigation apparatus","PRODUCTION_CANON candidate","Contact-sheet screened","bridge/navigation","Seats; tank/cylinder states; access and clearance","","Confirm provenance/version; transcribe remaining callouts"
"SET-029","_source_settei/img029.jpg","No obvious XGP material at thumbnail scale","","","","Other collection material","Unclassified","Contact-sheet screened","","","","Revisit if episode context identifies relevance"
"SET-030","_source_settei/img030.jpg","XGP relevant","16","⑯ 機関室 (2) 作動時","Engine room (2), in operation","Engineering room configurations","PRODUCTION_CANON candidate","Individual image reviewed; fine callouts incomplete","aft/engineering","Four circular units in 2x2 arrangement; service platform; exposed controls","2x2 circular assemblies; lower-left unit extended","Confirm provenance/version; transcribe remaining callouts"
"SET-031","_source_settei/img031.jpg","No obvious XGP material at thumbnail scale","","","","Other collection material","Unclassified","Contact-sheet screened","","","","Revisit if episode context identifies relevance"
"SET-032","_source_settei/img032.jpg","XGP relevant","","","","Rear mechanical assembly details","PRODUCTION_CANON candidate","Contact-sheet screened","aft/propulsion","Mechanical callouts require detailed translation","","Confirm provenance/version; transcribe remaining callouts"
"SET-033","_source_settei/img033.jpg","XGP relevant","","","","Maintenance robot variants","PRODUCTION_CANON candidate","Contact-sheet screened","maintenance","Manipulator and body states","","Confirm provenance/version; transcribe remaining callouts"
"SET-034","_source_settei/img034.jpg","No obvious XGP material at thumbnail scale","","","","Other collection material","Unclassified","Contact-sheet screened","","","","Revisit if episode context identifies relevance"
"SET-035","_source_settei/img035.jpg","No obvious XGP material at thumbnail scale","","","","Other collection material","Unclassified","Contact-sheet screened","","","","Revisit if episode context identifies relevance"
"SET-036","_source_settei/img036.jpg","No obvious XGP material at thumbnail scale","","","","Other collection material","Unclassified","Contact-sheet screened","","","","Revisit if episode context identifies relevance"
"SET-037","_source_settei/img037.jpg","XGP relevant","","","","Exterior lower views and deployed arm","PRODUCTION_CANON candidate","Contact-sheet screened","hull/grapplers","Underside and arm deployment","","Confirm provenance/version; transcribe remaining callouts"
"SET-038","_source_settei/img038.jpg","No obvious XGP material at thumbnail scale","","","","Other collection material","Unclassified","Contact-sheet screened","","","","Revisit if episode context identifies relevance"
"SET-039","_source_settei/img039.jpg","XGP relevant","","","","Gilliam display animation","PRODUCTION_CANON candidate","Contact-sheet screened","Gilliam/interface","Face/display animation guidance","","Confirm provenance/version; transcribe remaining callouts"
"SET-040","_source_settei/img040.jpg","XGP relevant","","","","Cockpit controls and seats","PRODUCTION_CANON candidate","Contact-sheet screened","bridge/controls","Control layouts and station geometry","","Confirm provenance/version; transcribe remaining callouts"
"SET-041","_source_settei/img041.jpg","No obvious XGP material at thumbnail scale","","","","Other collection material","Unclassified","Contact-sheet screened","","","","Revisit if episode context identifies relevance"
"SET-042","_source_settei/img042.jpg","No obvious XGP material at thumbnail scale","","","","Other collection material","Unclassified","Contact-sheet screened","","","","Revisit if episode context identifies relevance"
"SET-043","_source_settei/img043.jpg","XGP relevant","","レスト・ルーム（大ラフ）","Rest room (rough sketch)","Rest room preliminary drawing","Unclassified preliminary production draft","Individual image reviewed; fine callouts incomplete","crew/rest","First draft; tables stools cabinetry and hatch","","Confirm provenance/version; transcribe remaining callouts"
"SET-044","_source_settei/img044.jpg","XGP relevant","12","⑫ 内部通路 (1) 食堂側から見た図","Interior passage (1), view from dining-room side","Main passage views","PRODUCTION_CANON candidate","Individual image reviewed; fine callouts incomplete","circulation","Bridge/dining directions; floor hatch; robot rail","","Confirm provenance/version; transcribe remaining callouts"
"SET-045","_source_settei/img045.jpg","XGP relevant","","","","Main passage views","PRODUCTION_CANON candidate","Contact-sheet screened","circulation","Bridge/dining directions; floor hatch; robot rail","","Confirm provenance/version; transcribe remaining callouts"
"SET-046","_source_settei/img046.jpg","XGP relevant","","","","Engineering room configurations","PRODUCTION_CANON candidate","Contact-sheet screened","aft/engineering","Four circular units in 2x2 arrangement; service platform; exposed controls","","Confirm provenance/version; transcribe remaining callouts"
"SET-047","_source_settei/img047.jpg","XGP relevant","","","","Ship airlock exterior details","PRODUCTION_CANON candidate","Contact-sheet screened","airlock","Hatch; controls; character scale","","Confirm provenance/version; transcribe remaining callouts"
"SET-048","_source_settei/img048.jpg","XGP relevant","","","","Sub-ether drive activation patterns","PRODUCTION_CANON candidate","Contact-sheet screened","sub-ether","Sequence/effect planning; translation pending","","Confirm provenance/version; transcribe remaining callouts"
"SET-049","_source_settei/img049.jpg","Context or uncertain","","","","Collection contents list","Unclassified","Contact-sheet screened","","","","Revisit if episode context identifies relevance"
"SET-050","_source_settei/img050.jpg","No obvious XGP material at thumbnail scale","","","","Other collection material","Unclassified","Contact-sheet screened","","","","Revisit if episode context identifies relevance"
"SET-051","_source_settei/img051.jpg","No obvious XGP material at thumbnail scale","","","","Other collection material","Unclassified","Contact-sheet screened","","","","Revisit if episode context identifies relevance"
"SET-052","_source_settei/img052.jpg","No obvious XGP material at thumbnail scale","","","","Other collection material","Unclassified","Contact-sheet screened","","","","Revisit if episode context identifies relevance"
"SET-053","_source_settei/img053.jpg","No obvious XGP material at thumbnail scale","","","","Other collection material","Unclassified","Contact-sheet screened","","","","Revisit if episode context identifies relevance"
"SET-054","_source_settei/img054.jpg","No obvious XGP material at thumbnail scale","","","","Other collection material","Unclassified","Contact-sheet screened","","","","Revisit if episode context identifies relevance"
"SET-055","_source_settei/img055.jpg","Context or uncertain","","","","Character scale chart","Unclassified","Contact-sheet screened","","","","Revisit if episode context identifies relevance"
"SET-056","_source_settei/img056.jpg","No obvious XGP material at thumbnail scale","","","","Other collection material","Unclassified","Contact-sheet screened","","","","Revisit if episode context identifies relevance"
"SET-057","_source_settei/img057.jpg","No obvious XGP material at thumbnail scale","","","","Other collection material","Unclassified","Contact-sheet screened","","","","Revisit if episode context identifies relevance"
"SET-058","_source_settei/img058.jpg","No obvious XGP material at thumbnail scale","","","","Other collection material","Unclassified","Contact-sheet screened","","","","Revisit if episode context identifies relevance"
"SET-059","_source_settei/img059.jpg","No obvious XGP material at thumbnail scale","","","","Other collection material","Unclassified","Contact-sheet screened","","","","Revisit if episode context identifies relevance"
"SET-060","_source_settei/img060.jpg","No obvious XGP material at thumbnail scale","","","","Other collection material","Unclassified","Contact-sheet screened","","","","Revisit if episode context identifies relevance"
"SET-061","_source_settei/img061.jpg","No obvious XGP material at thumbnail scale","","","","Other collection material","Unclassified","Contact-sheet screened","","","","Revisit if episode context identifies relevance"
"SET-062","_source_settei/img062.jpg","No obvious XGP material at thumbnail scale","","","","Other collection material","Unclassified","Contact-sheet screened","","","","Revisit if episode context identifies relevance"
"SET-063","_source_settei/img063.jpg","No obvious XGP material at thumbnail scale","","","","Other collection material","Unclassified","Contact-sheet screened","","","","Revisit if episode context identifies relevance"
"SET-064","_source_settei/img064.jpg","No obvious XGP material at thumbnail scale","","","","Other collection material","Unclassified","Contact-sheet screened","","","","Revisit if episode context identifies relevance"
"SET-065","_source_settei/img065.jpg","No obvious XGP material at thumbnail scale","","","","Other collection material","Unclassified","Contact-sheet screened","","","","Revisit if episode context identifies relevance"
"SET-066","_source_settei/img066.jpg","No obvious XGP material at thumbnail scale","","","","Other collection material","Unclassified","Contact-sheet screened","","","","Revisit if episode context identifies relevance"
"SET-067","_source_settei/img067.jpg","No obvious XGP material at thumbnail scale","","","","Other collection material","Unclassified","Contact-sheet screened","","","","Revisit if episode context identifies relevance"
"SET-068","_source_settei/img068.jpg","No obvious XGP material at thumbnail scale","","","","Other collection material","Unclassified","Contact-sheet screened","","","","Revisit if episode context identifies relevance"
"SET-069","_source_settei/img069.jpg","No obvious XGP material at thumbnail scale","","","","Other collection material","Unclassified","Contact-sheet screened","","","","Revisit if episode context identifies relevance"
"SET-070","_source_settei/img070.jpg","No obvious XGP material at thumbnail scale","","","","Other collection material","Unclassified","Contact-sheet screened","","","","Revisit if episode context identifies relevance"
"SET-071","_source_settei/img071.jpg","No obvious XGP material at thumbnail scale","","","","Other collection material","Unclassified","Contact-sheet screened","","","","Revisit if episode context identifies relevance"
"SET-072","_source_settei/img072.jpg","No obvious XGP material at thumbnail scale","","","","Other collection material","Unclassified","Contact-sheet screened","","","","Revisit if episode context identifies relevance"
"SET-073","_source_settei/img073.jpg","No obvious XGP material at thumbnail scale","","","","Other collection material","Unclassified","Contact-sheet screened","","","","Revisit if episode context identifies relevance"
"SET-074","_source_settei/img074.jpg","No obvious XGP material at thumbnail scale","","","","Other collection material","Unclassified","Contact-sheet screened","","","","Revisit if episode context identifies relevance"
"SET-075","_source_settei/img075.jpg","No obvious XGP material at thumbnail scale","","","","Other collection material","Unclassified","Contact-sheet screened","","","","Revisit if episode context identifies relevance"
"SET-076","_source_settei/img076.jpg","No obvious XGP material at thumbnail scale","","","","Other collection material","Unclassified","Contact-sheet screened","","","","Revisit if episode context identifies relevance"
"SET-077","_source_settei/img077.jpg","No obvious XGP material at thumbnail scale","","","","Other collection material","Unclassified","Contact-sheet screened","","","","Revisit if episode context identifies relevance"
"SET-078","_source_settei/img078.jpg","XGP relevant","","","","Exterior upper views","PRODUCTION_CANON candidate","Contact-sheet screened","hull","Silhouette and external assembly relationships","","Confirm provenance/version; transcribe remaining callouts"
"SET-079","_source_settei/img079.jpg","No obvious XGP material at thumbnail scale","","","","Other collection material","Unclassified","Contact-sheet screened","","","","Revisit if episode context identifies relevance"
"SET-080","_source_settei/img080.jpg","XGP relevant","","","","Cockpit controls and seats","PRODUCTION_CANON candidate","Contact-sheet screened","bridge/controls","Control layouts and station geometry","","Confirm provenance/version; transcribe remaining callouts"
"SET-081","_source_settei/img081.jpg","No obvious XGP material at thumbnail scale","","","","Other collection material","Unclassified","Contact-sheet screened","","","","Revisit if episode context identifies relevance"
"SET-082","_source_settei/img082.jpg","XGP relevant","","","","Cockpit and navigation apparatus","PRODUCTION_CANON candidate","Contact-sheet screened","bridge/navigation","Seats; tank/cylinder states; access and clearance","","Confirm provenance/version; transcribe remaining callouts"
"SET-083","_source_settei/img083.jpg","XGP relevant","","","","Exterior lower views and deployed arm","PRODUCTION_CANON candidate","Contact-sheet screened","hull/grapplers","Underside and arm deployment","","Confirm provenance/version; transcribe remaining callouts"
"SET-084","_source_settei/img084.jpg","XGP relevant","","","","Exterior upper views","PRODUCTION_CANON candidate","Contact-sheet screened","hull","Silhouette and external assembly relationships","","Confirm provenance/version; transcribe remaining callouts"
"SET-085","_source_settei/img085.jpg","XGP relevant","","","","Cockpit and navigation apparatus","PRODUCTION_CANON candidate","Contact-sheet screened","bridge/navigation","Seats; tank/cylinder states; access and clearance","","Confirm provenance/version; transcribe remaining callouts"
"SET-086","_source_settei/img086.jpg","XGP relevant","","","","Cockpit and navigation apparatus","PRODUCTION_CANON candidate","Contact-sheet screened","bridge/navigation","Seats; tank/cylinder states; access and clearance","","Confirm provenance/version; transcribe remaining callouts"
"SET-087","_source_settei/img087.jpg","XGP relevant","","","","Cockpit controls and seats","PRODUCTION_CANON candidate","Contact-sheet screened","bridge/controls","Control layouts and station geometry","","Confirm provenance/version; transcribe remaining callouts"
"SET-088","_source_settei/img088.jpg","XGP relevant","","レストルーム ①","Rest room (1), lounge/rest area","Rest room configurations","PRODUCTION_CANON candidate","Individual image reviewed; fine callouts incomplete","crew/rest","Convertible floor furniture; cabinets; monitor","Cockpit direction arrow; four floor panels form table/bed per callout","Confirm provenance/version; transcribe remaining callouts"
"SET-089","_source_settei/img089.jpg","XGP relevant","","レストルーム ②","Rest room (2), lounge/rest area","Rest room configurations","PRODUCTION_CANON candidate","Individual image reviewed; fine callouts incomplete","crew/rest","Convertible floor furniture; cabinets; monitor","","Confirm provenance/version; transcribe remaining callouts"
"SET-090","_source_settei/img090.jpg","XGP relevant","","","","Gilliam display animation","PRODUCTION_CANON candidate","Contact-sheet screened","Gilliam/interface","Face/display animation guidance","","Confirm provenance/version; transcribe remaining callouts"
"SET-091","_source_settei/img091.jpg","XGP relevant","","","","Engineering room configurations","PRODUCTION_CANON candidate","Contact-sheet screened","aft/engineering","Four circular units in 2x2 arrangement; service platform; exposed controls","","Confirm provenance/version; transcribe remaining callouts"
"SET-092","_source_settei/img092.jpg","XGP relevant","","","","Main passage views","PRODUCTION_CANON candidate","Contact-sheet screened","circulation","Bridge/dining directions; floor hatch; robot rail","","Confirm provenance/version; transcribe remaining callouts"
"SET-093","_source_settei/img093.jpg","XGP relevant","","","","Main passage views","PRODUCTION_CANON candidate","Contact-sheet screened","circulation","Bridge/dining directions; floor hatch; robot rail","","Confirm provenance/version; transcribe remaining callouts"
"SET-094","_source_settei/img094.jpg","XGP relevant","","","","Sub-ether drive activation patterns","PRODUCTION_CANON candidate","Contact-sheet screened","sub-ether","Sequence/effect planning; translation pending","","Confirm provenance/version; transcribe remaining callouts"
"SET-095","_source_settei/img095.jpg","XGP relevant","","","","Cockpit and navigation apparatus","PRODUCTION_CANON candidate","Contact-sheet screened","bridge/navigation","Seats; tank/cylinder states; access and clearance","","Confirm provenance/version; transcribe remaining callouts"
"SET-096","_source_settei/img096.jpg","XGP relevant","","","","Ship airlock exterior details","PRODUCTION_CANON candidate","Contact-sheet screened","airlock","Hatch; controls; character scale","","Confirm provenance/version; transcribe remaining callouts"
"SET-097","_source_settei/img097.jpg","XGP relevant","","","","Engineering room configurations","PRODUCTION_CANON candidate","Contact-sheet screened","aft/engineering","Four circular units in 2x2 arrangement; service platform; exposed controls","","Confirm provenance/version; transcribe remaining callouts"
"SET-098","_source_settei/img098.jpg","XGP relevant","","","","Rear mechanical assembly details","PRODUCTION_CANON candidate","Contact-sheet screened","aft/propulsion","Mechanical callouts require detailed translation","","Confirm provenance/version; transcribe remaining callouts"
"SET-099","_source_settei/img099.jpg","Context or uncertain","","","","Grappler command-device character detail","Unclassified","Contact-sheet screened","","","","Revisit if episode context identifies relevance"
"SET-100","_source_settei/img100.jpg","XGP relevant","","","","Built-in equipment/weapons overview","PRODUCTION_CANON candidate","Individual image reviewed; fine callouts incomplete","hull/grapplers/weapons","Placement diagrams; exact nomenclature pending","","Confirm provenance/version; transcribe remaining callouts"
"SET-101","_source_settei/img101.jpg","XGP relevant","","","","Exterior lower views and deployed arm","PRODUCTION_CANON candidate","Contact-sheet screened","hull/grapplers","Underside and arm deployment","","Confirm provenance/version; transcribe remaining callouts"
"SET-102","_source_settei/img102.jpg","Context or uncertain","","","","Unidentified sequence drawing","Unclassified","Contact-sheet screened","","","","Revisit if episode context identifies relevance"
"SET-103","_source_settei/img103.jpg","Context or uncertain","","","","Unidentified sequence drawing","Unclassified","Contact-sheet screened","","","","Revisit if episode context identifies relevance"
"SET-104","_source_settei/img104.jpg","XGP relevant","","","","Grappler arm mechanical details","PRODUCTION_CANON candidate","Contact-sheet screened","forward/grapplers","Joints; mounting; end effector","","Confirm provenance/version; transcribe remaining callouts"
"SET-105","_source_settei/img105.jpg","No obvious XGP material at thumbnail scale","","","","Other collection material","Unclassified","Contact-sheet screened","","","","Revisit if episode context identifies relevance"
"SET-106","_source_settei/img106.jpg","No obvious XGP material at thumbnail scale","","","","Other collection material","Unclassified","Contact-sheet screened","","","","Revisit if episode context identifies relevance"
"SET-107","_source_settei/img107.jpg","No obvious XGP material at thumbnail scale","","","","Other collection material","Unclassified","Contact-sheet screened","","","","Revisit if episode context identifies relevance"
"SET-108","_source_settei/img108.jpg","XGP relevant","","","","Exterior lower views and deployed arm","PRODUCTION_CANON candidate","Contact-sheet screened","hull/grapplers","Underside and arm deployment","","Confirm provenance/version; transcribe remaining callouts"
"SET-109","_source_settei/img109.jpg","No obvious XGP material at thumbnail scale","","","","Other collection material","Unclassified","Contact-sheet screened","","","","Revisit if episode context identifies relevance"
"SET-110","_source_settei/img110.jpg","XGP relevant","","","","Missile detail","PRODUCTION_CANON candidate","Contact-sheet screened","weapons","Long cylindrical store; fine labels pending","","Confirm provenance/version; transcribe remaining callouts"
"SET-111","_source_settei/img111.jpg","No obvious XGP material at thumbnail scale","","","","Other collection material","Unclassified","Contact-sheet screened","","","","Revisit if episode context identifies relevance"
"SET-112","_source_settei/img112.jpg","No obvious XGP material at thumbnail scale","","","","Other collection material","Unclassified","Contact-sheet screened","","","","Revisit if episode context identifies relevance"
"SET-113","_source_settei/img113.jpg","XGP relevant","","","","Maintenance robot variants","PRODUCTION_CANON candidate","Contact-sheet screened","maintenance","Manipulator and body states","","Confirm provenance/version; transcribe remaining callouts"
"SET-114","_source_settei/img114.jpg","XGP relevant","","","","Maintenance robot variants","PRODUCTION_CANON candidate","Contact-sheet screened","maintenance","Manipulator and body states","","Confirm provenance/version; transcribe remaining callouts"
"SET-115","_source_settei/img115.jpg","XGP relevant","","","","D.S.C. cylindrical equipment","PRODUCTION_CANON candidate","Contact-sheet screened","equipment/weapons","Purpose unresolved pending callout review","","Confirm provenance/version; transcribe remaining callouts"
"SET-116","_source_settei/img116.jpg","No obvious XGP material at thumbnail scale","","","","Other collection material","Unclassified","Contact-sheet screened","","","","Revisit if episode context identifies relevance"
"SET-117","_source_settei/img117.jpg","No obvious XGP material at thumbnail scale","","","","Other collection material","Unclassified","Contact-sheet screened","","","","Revisit if episode context identifies relevance"
"SET-118","_source_settei/img118.jpg","No obvious XGP material at thumbnail scale","","","","Other collection material","Unclassified","Contact-sheet screened","","","","Revisit if episode context identifies relevance"
"SET-119","_source_settei/img119.jpg","No obvious XGP material at thumbnail scale","","","","Other collection material","Unclassified","Contact-sheet screened","","","","Revisit if episode context identifies relevance"
"SET-120","_source_settei/img120.jpg","No obvious XGP material at thumbnail scale","","","","Other collection material","Unclassified","Contact-sheet screened","","","","Revisit if episode context identifies relevance"
"SET-121","_source_settei/img121.jpg","No obvious XGP material at thumbnail scale","","","","Other collection material","Unclassified","Contact-sheet screened","","","","Revisit if episode context identifies relevance"
"SET-122","_source_settei/img122.jpg","No obvious XGP material at thumbnail scale","","","","Other collection material","Unclassified","Contact-sheet screened","","","","Revisit if episode context identifies relevance"
"SET-123","_source_settei/img123.jpg","No obvious XGP material at thumbnail scale","","","","Other collection material","Unclassified","Contact-sheet screened","","","","Revisit if episode context identifies relevance"
"SET-124","_source_settei/img124.jpg","No obvious XGP material at thumbnail scale","","","","Other collection material","Unclassified","Contact-sheet screened","","","","Revisit if episode context identifies relevance"
"SET-125","_source_settei/img125.jpg","XGP relevant","","アサルト・シューター","Assault Shooter","Assault Shooter","PRODUCTION_CANON candidate","Individual image reviewed; fine callouts incomplete","dorsal/boarding","Telescoping passage; capsule and hatch; deployment","","Confirm provenance/version; transcribe remaining callouts"
"SET-126","_source_settei/img126.jpg","XGP relevant","","エアロック 内部","Airlock interior","Airlock interior","PRODUCTION_CANON candidate","Individual image reviewed; fine callouts incomplete","airlock","Paired hatches; pressure display sequence; sliding direction","Pressure display sequence; opposing hatch slides; fine notes pending","Confirm provenance/version; transcribe remaining callouts"
"SET-127","_source_settei/img127.jpg","No obvious XGP material at thumbnail scale","","","","Other collection material","Unclassified","Contact-sheet screened","","","","Revisit if episode context identifies relevance"
"SET-128","_source_settei/img128.jpg","XGP relevant","","","","Cockpit controls and seats","PRODUCTION_CANON candidate","Contact-sheet screened","bridge/controls","Control layouts and station geometry","","Confirm provenance/version; transcribe remaining callouts"
"SET-129","_source_settei/img129.jpg","No obvious XGP material at thumbnail scale","","","","Other collection material","Unclassified","Contact-sheet screened","","","","Revisit if episode context identifies relevance"
"SET-130","_source_settei/img130.jpg","No obvious XGP material at thumbnail scale","","","","Other collection material","Unclassified","Contact-sheet screened","","","","Revisit if episode context identifies relevance"
"SET-131","_source_settei/img131.jpg","No obvious XGP material at thumbnail scale","","","","Other collection material","Unclassified","Contact-sheet screened","","","","Revisit if episode context identifies relevance"
"SET-132","_source_settei/img132.jpg","No obvious XGP material at thumbnail scale","","","","Other collection material","Unclassified","Contact-sheet screened","","","","Revisit if episode context identifies relevance"
"SET-133","_source_settei/img133.jpg","No obvious XGP material at thumbnail scale","","","","Other collection material","Unclassified","Contact-sheet screened","","","","Revisit if episode context identifies relevance"
"SET-134","_source_settei/img134.jpg","No obvious XGP material at thumbnail scale","","","","Other collection material","Unclassified","Contact-sheet screened","","","","Revisit if episode context identifies relevance"
"SET-135","_source_settei/img135.jpg","No obvious XGP material at thumbnail scale","","","","Other collection material","Unclassified","Contact-sheet screened","","","","Revisit if episode context identifies relevance"
"SET-136","_source_settei/img136.jpg","No obvious XGP material at thumbnail scale","","","","Other collection material","Unclassified","Contact-sheet screened","","","","Revisit if episode context identifies relevance"
"SET-137","_source_settei/img137.jpg","No obvious XGP material at thumbnail scale","","","","Other collection material","Unclassified","Contact-sheet screened","","","","Revisit if episode context identifies relevance"
"SET-138","_source_settei/img138.jpg","No obvious XGP material at thumbnail scale","","","","Other collection material","Unclassified","Contact-sheet screened","","","","Revisit if episode context identifies relevance"
"SET-139","_source_settei/img139.jpg","No obvious XGP material at thumbnail scale","","","","Other collection material","Unclassified","Contact-sheet screened","","","","Revisit if episode context identifies relevance"
"SET-140","_source_settei/img140.jpg","No obvious XGP material at thumbnail scale","","","","Other collection material","Unclassified","Contact-sheet screened","","","","Revisit if episode context identifies relevance"
"SET-141","_source_settei/img141.jpg","No obvious XGP material at thumbnail scale","","","","Other collection material","Unclassified","Contact-sheet screened","","","","Revisit if episode context identifies relevance"
"SET-142","_source_settei/img142.jpg","No obvious XGP material at thumbnail scale","","","","Other collection material","Unclassified","Contact-sheet screened","","","","Revisit if episode context identifies relevance"
"SET-143","_source_settei/img143.jpg","No obvious XGP material at thumbnail scale","","","","Other collection material","Unclassified","Contact-sheet screened","","","","Revisit if episode context identifies relevance"
"SET-144","_source_settei/img144.jpg","No obvious XGP material at thumbnail scale","","","","Other collection material","Unclassified","Contact-sheet screened","","","","Revisit if episode context identifies relevance"
"SET-145","_source_settei/img145.jpg","No obvious XGP material at thumbnail scale","","","","Other collection material","Unclassified","Contact-sheet screened","","","","Revisit if episode context identifies relevance"
"SET-146","_source_settei/img146.jpg","No obvious XGP material at thumbnail scale","","","","Other collection material","Unclassified","Contact-sheet screened","","","","Revisit if episode context identifies relevance"
"SET-147","_source_settei/img147.jpg","No obvious XGP material at thumbnail scale","","","","Other collection material","Unclassified","Contact-sheet screened","","","","Revisit if episode context identifies relevance"
"SET-148","_source_settei/img148.jpg","No obvious XGP material at thumbnail scale","","","","Other collection material","Unclassified","Contact-sheet screened","","","","Revisit if episode context identifies relevance"
"SET-149","_source_settei/img149.jpg","No obvious XGP material at thumbnail scale","","","","Other collection material","Unclassified","Contact-sheet screened","","","","Revisit if episode context identifies relevance"
"SET-150","_source_settei/img150.jpg","No obvious XGP material at thumbnail scale","","","","Other collection material","Unclassified","Contact-sheet screened","","","","Revisit if episode context identifies relevance"
"SET-151","_source_settei/img151.jpg","No obvious XGP material at thumbnail scale","","","","Other collection material","Unclassified","Contact-sheet screened","","","","Revisit if episode context identifies relevance"
"SET-152","_source_settei/img152.jpg","No obvious XGP material at thumbnail scale","","","","Other collection material","Unclassified","Contact-sheet screened","","","","Revisit if episode context identifies relevance"
"SET-153","_source_settei/img153.jpg","No obvious XGP material at thumbnail scale","","","","Other collection material","Unclassified","Contact-sheet screened","","","","Revisit if episode context identifies relevance"
"SET-154","_source_settei/img154.jpg","No obvious XGP material at thumbnail scale","","","","Other collection material","Unclassified","Contact-sheet screened","","","","Revisit if episode context identifies relevance"
"SET-155","_source_settei/img155.jpg","No obvious XGP material at thumbnail scale","","","","Other collection material","Unclassified","Contact-sheet screened","","","","Revisit if episode context identifies relevance"
"SET-156","_source_settei/img156.jpg","No obvious XGP material at thumbnail scale","","","","Other collection material","Unclassified","Contact-sheet screened","","","","Revisit if episode context identifies relevance"
"SET-157","_source_settei/img157.jpg","No obvious XGP material at thumbnail scale","","","","Other collection material","Unclassified","Contact-sheet screened","","","","Revisit if episode context identifies relevance"
"SET-158","_source_settei/img158.jpg","No obvious XGP material at thumbnail scale","","","","Other collection material","Unclassified","Contact-sheet screened","","","","Revisit if episode context identifies relevance"
"SET-159","_source_settei/img159.jpg","Context or uncertain","","","","Dock structure context; XGP association unconfirmed","Unclassified","Contact-sheet screened","","","","Revisit if episode context identifies relevance"
"SET-160","_source_settei/img160.jpg","Context or uncertain","","","","Docked vessel context; XGP association unconfirmed","Unclassified","Contact-sheet screened","","","","Revisit if episode context identifies relevance"
"SET-161","_source_settei/img161.jpg","No obvious XGP material at thumbnail scale","","","","Other collection material","Unclassified","Contact-sheet screened","","","","Revisit if episode context identifies relevance"
"SET-162","_source_settei/img162.jpg","No obvious XGP material at thumbnail scale","","","","Other collection material","Unclassified","Contact-sheet screened","","","","Revisit if episode context identifies relevance"
"SET-163","_source_settei/img163.jpg","No obvious XGP material at thumbnail scale","","","","Other collection material","Unclassified","Contact-sheet screened","","","","Revisit if episode context identifies relevance"
"SET-164","_source_settei/img164.jpg","No obvious XGP material at thumbnail scale","","","","Other collection material","Unclassified","Contact-sheet screened","","","","Revisit if episode context identifies relevance"
"SET-165","_source_settei/img165.jpg","No obvious XGP material at thumbnail scale","","","","Other collection material","Unclassified","Contact-sheet screened","","","","Revisit if episode context identifies relevance"
"SET-166","_source_settei/img166.jpg","No obvious XGP material at thumbnail scale","","","","Other collection material","Unclassified","Contact-sheet screened","","","","Revisit if episode context identifies relevance"
"SET-167","_source_settei/img167.jpg","No obvious XGP material at thumbnail scale","","","","Other collection material","Unclassified","Contact-sheet screened","","","","Revisit if episode context identifies relevance"
"SET-168","_source_settei/img168.jpg","No obvious XGP material at thumbnail scale","","","","Other collection material","Unclassified","Contact-sheet screened","","","","Revisit if episode context identifies relevance"
"SET-169","_source_settei/img169.jpg","No obvious XGP material at thumbnail scale","","","","Other collection material","Unclassified","Contact-sheet screened","","","","Revisit if episode context identifies relevance"
"SET-170","_source_settei/img170.jpg","No obvious XGP material at thumbnail scale","","","","Other collection material","Unclassified","Contact-sheet screened","","","","Revisit if episode context identifies relevance"
"SET-171","_source_settei/img171.jpg","No obvious XGP material at thumbnail scale","","","","Other collection material","Unclassified","Contact-sheet screened","","","","Revisit if episode context identifies relevance"
"SET-172","_source_settei/img172.jpg","No obvious XGP material at thumbnail scale","","","","Other collection material","Unclassified","Contact-sheet screened","","","","Revisit if episode context identifies relevance"
"SET-173","_source_settei/img173.jpg","No obvious XGP material at thumbnail scale","","","","Other collection material","Unclassified","Contact-sheet screened","","","","Revisit if episode context identifies relevance"
"SET-174","_source_settei/img174.jpg","No obvious XGP material at thumbnail scale","","","","Other collection material","Unclassified","Contact-sheet screened","","","","Revisit if episode context identifies relevance"
"SET-175","_source_settei/img175.jpg","No obvious XGP material at thumbnail scale","","","","Other collection material","Unclassified","Contact-sheet screened","","","","Revisit if episode context identifies relevance"
"SET-176","_source_settei/img176.jpg","No obvious XGP material at thumbnail scale","","","","Other collection material","Unclassified","Contact-sheet screened","","","","Revisit if episode context identifies relevance"
"SET-177","_source_settei/img177.jpg","No obvious XGP material at thumbnail scale","","","","Other collection material","Unclassified","Contact-sheet screened","","","","Revisit if episode context identifies relevance"
"SET-178","_source_settei/img178.jpg","No obvious XGP material at thumbnail scale","","","","Other collection material","Unclassified","Contact-sheet screened","","","","Revisit if episode context identifies relevance"
"SET-179","_source_settei/img179.jpg","No obvious XGP material at thumbnail scale","","","","Other collection material","Unclassified","Contact-sheet screened","","","","Revisit if episode context identifies relevance"
"SET-180","_source_settei/img180.jpg","No obvious XGP material at thumbnail scale","","","","Other collection material","Unclassified","Contact-sheet screened","","","","Revisit if episode context identifies relevance"
"SET-181","_source_settei/img181.jpg","No obvious XGP material at thumbnail scale","","","","Other collection material","Unclassified","Contact-sheet screened","","","","Revisit if episode context identifies relevance"
"SET-182","_source_settei/img182.jpg","No obvious XGP material at thumbnail scale","","","","Other collection material","Unclassified","Contact-sheet screened","","","","Revisit if episode context identifies relevance"
"SET-183","_source_settei/img183.jpg","No obvious XGP material at thumbnail scale","","","","Other collection material","Unclassified","Contact-sheet screened","","","","Revisit if episode context identifies relevance"
"SET-184","_source_settei/img184.jpg","No obvious XGP material at thumbnail scale","","","","Other collection material","Unclassified","Contact-sheet screened","","","","Revisit if episode context identifies relevance"
"SET-185","_source_settei/img185.jpg","No obvious XGP material at thumbnail scale","","","","Other collection material","Unclassified","Contact-sheet screened","","","","Revisit if episode context identifies relevance"
"SET-186","_source_settei/img186.jpg","No obvious XGP material at thumbnail scale","","","","Other collection material","Unclassified","Contact-sheet screened","","","","Revisit if episode context identifies relevance"
"SET-187","_source_settei/img187.jpg","No obvious XGP material at thumbnail scale","","","","Other collection material","Unclassified","Contact-sheet screened","","","","Revisit if episode context identifies relevance"
"SET-188","_source_settei/img188.jpg","No obvious XGP material at thumbnail scale","","","","Other collection material","Unclassified","Contact-sheet screened","","","","Revisit if episode context identifies relevance"
"SET-189","_source_settei/img189.jpg","No obvious XGP material at thumbnail scale","","","","Other collection material","Unclassified","Contact-sheet screened","","","","Revisit if episode context identifies relevance"
"SET-190","_source_settei/img190.jpg","No obvious XGP material at thumbnail scale","","","","Other collection material","Unclassified","Contact-sheet screened","","","","Revisit if episode context identifies relevance"
"SET-191","_source_settei/img191.jpg","No obvious XGP material at thumbnail scale","","","","Other collection material","Unclassified","Contact-sheet screened","","","","Revisit if episode context identifies relevance"
"SET-192","_source_settei/img192.jpg","XGP relevant","","","","Assault Shooter","PRODUCTION_CANON candidate","Contact-sheet screened","dorsal/boarding","Telescoping passage; capsule and hatch; deployment","","Confirm provenance/version; transcribe remaining callouts"
"SET-193","_source_settei/img193.jpg","XGP relevant","","","","Missile detail","PRODUCTION_CANON candidate","Contact-sheet screened","weapons","Long cylindrical store; fine labels pending","","Confirm provenance/version; transcribe remaining callouts"
"SET-194","_source_settei/img194.jpg","XGP relevant","","","","D.S.C. cylindrical equipment","PRODUCTION_CANON candidate","Contact-sheet screened","equipment/weapons","Purpose unresolved pending callout review","","Confirm provenance/version; transcribe remaining callouts"
"SET-195","_source_settei/img195.jpg","XGP relevant","","","","Engineering room configurations","PRODUCTION_CANON candidate","Contact-sheet screened","aft/engineering","Four circular units in 2x2 arrangement; service platform; exposed controls","","Confirm provenance/version; transcribe remaining callouts"
"SET-196","_source_settei/img196.jpg","XGP relevant","","","","Engineering room configurations","PRODUCTION_CANON candidate","Contact-sheet screened","aft/engineering","Four circular units in 2x2 arrangement; service platform; exposed controls","","Confirm provenance/version; transcribe remaining callouts"
"SET-197","_source_settei/img197.jpg","XGP relevant","","","","Ship airlock exterior details","PRODUCTION_CANON candidate","Contact-sheet screened","airlock","Hatch; controls; character scale","","Confirm provenance/version; transcribe remaining callouts"
"SET-198","_source_settei/img198.jpg","No obvious XGP material at thumbnail scale","","","","Other collection material","Unclassified","Contact-sheet screened","","","","Revisit if episode context identifies relevance"
"SET-199","_source_settei/img199.jpg","No obvious XGP material at thumbnail scale","","","","Other collection material","Unclassified","Contact-sheet screened","","","","Revisit if episode context identifies relevance"
"SET-200","_source_settei/img200.jpg","No obvious XGP material at thumbnail scale","","","","Other collection material","Unclassified","Contact-sheet screened","","","","Revisit if episode context identifies relevance"
"SET-201","_source_settei/img201.jpg","No obvious XGP material at thumbnail scale","","","","Other collection material","Unclassified","Contact-sheet screened","","","","Revisit if episode context identifies relevance"
"SET-202","_source_settei/img202.jpg","No obvious XGP material at thumbnail scale","","","","Other collection material","Unclassified","Contact-sheet screened","","","","Revisit if episode context identifies relevance"
"SET-203","_source_settei/img203.jpg","No obvious XGP material at thumbnail scale","","","","Other collection material","Unclassified","Contact-sheet screened","","","","Revisit if episode context identifies relevance"
"SET-204","_source_settei/img204.jpg","No obvious XGP material at thumbnail scale","","","","Other collection material","Unclassified","Contact-sheet screened","","","","Revisit if episode context identifies relevance"
"SET-205","_source_settei/img205.jpg","No obvious XGP material at thumbnail scale","","","","Other collection material","Unclassified","Contact-sheet screened","","","","Revisit if episode context identifies relevance"
"SET-206","_source_settei/img206.jpg","No obvious XGP material at thumbnail scale","","","","Other collection material","Unclassified","Contact-sheet screened","","","","Revisit if episode context identifies relevance"
"SET-207","_source_settei/img207.jpg","No obvious XGP material at thumbnail scale","","","","Other collection material","Unclassified","Contact-sheet screened","","","","Revisit if episode context identifies relevance"
"SET-208","_source_settei/img208.jpg","Context or uncertain","","","","Spaceport dock context; XGP association unconfirmed","Unclassified","Contact-sheet screened","","","","Revisit if episode context identifies relevance"
"SET-209","_source_settei/img209.jpg","No obvious XGP material at thumbnail scale","","","","Other collection material","Unclassified","Contact-sheet screened","","","","Revisit if episode context identifies relevance"
"SET-210","_source_settei/img210.jpg","No obvious XGP material at thumbnail scale","","","","Other collection material","Unclassified","Contact-sheet screened","","","","Revisit if episode context identifies relevance"
"SET-211","_source_settei/img211.jpg","No obvious XGP material at thumbnail scale","","","","Other collection material","Unclassified","Contact-sheet screened","","","","Revisit if episode context identifies relevance"
"SET-212","_source_settei/img212.jpg","No obvious XGP material at thumbnail scale","","","","Other collection material","Unclassified","Contact-sheet screened","","","","Revisit if episode context identifies relevance"
"SET-213","_source_settei/img213.jpg","No obvious XGP material at thumbnail scale","","","","Other collection material","Unclassified","Contact-sheet screened","","","","Revisit if episode context identifies relevance"
"SET-214","_source_settei/img214.jpg","No obvious XGP material at thumbnail scale","","","","Other collection material","Unclassified","Contact-sheet screened","","","","Revisit if episode context identifies relevance"
"SET-215","_source_settei/img215.jpg","No obvious XGP material at thumbnail scale","","","","Other collection material","Unclassified","Contact-sheet screened","","","","Revisit if episode context identifies relevance"
"SET-216","_source_settei/img216.jpg","No obvious XGP material at thumbnail scale","","","","Other collection material","Unclassified","Contact-sheet screened","","","","Revisit if episode context identifies relevance"
"SET-217","_source_settei/img217.jpg","No obvious XGP material at thumbnail scale","","","","Other collection material","Unclassified","Contact-sheet screened","","","","Revisit if episode context identifies relevance"
"SET-218","_source_settei/img218.jpg","No obvious XGP material at thumbnail scale","","","","Other collection material","Unclassified","Contact-sheet screened","","","","Revisit if episode context identifies relevance"
"SET-219","_source_settei/img219.jpg","No obvious XGP material at thumbnail scale","","","","Other collection material","Unclassified","Contact-sheet screened","","","","Revisit if episode context identifies relevance"
"SET-220","_source_settei/img220.jpg","No obvious XGP material at thumbnail scale","","","","Other collection material","Unclassified","Contact-sheet screened","","","","Revisit if episode context identifies relevance"
"SET-221","_source_settei/img221.jpg","No obvious XGP material at thumbnail scale","","","","Other collection material","Unclassified","Contact-sheet screened","","","","Revisit if episode context identifies relevance"
